{
  "N1": {
    "offset_x": -47.799999999999955,
    "offset_y": -198.10000000000002
  },
  "N2": {
    "offset_x": -16.699999999999932,
    "offset_y": -199.69999999999993
  },
  "N3": {
    "offset_x": 15.0,
    "offset_y": -100.0
  },
  "N4": {
    "offset_x": 45.0,
    "offset_y": -100.0
  }
}