{
  "N1": {
    "offset_x": -47.799999999999955,
    "offset_y": -98.05
  },
  "N2": {
    "offset_x": -16.699999999999932,
    "offset_y": -99.585
  },
  "N3": {
    "offset_x": 16.0,
    "offset_y": -99.00000000000001
  },
  "N4": {
    "offset_x": 47.70000000000002,
    "offset_y": -99.80000000000003
  }
}