{
  "BOTTOM": {
    "resolution_dpcm_x": 381.2425816023739,
    "resolution_dpcm_y": 381.2425816023739
  },
  "TOP": {
    "resolution_dpcm_x": 238.0,
    "resolution_dpcm_y": 238.0
  }
}